,human,mouse,zebrafish,drosophila,c.elegans,ciliate,yeast,methanocaldococcus,thermococcus,e.coli,tuberculosis
setd2,300.0,300.0,300.0,72.88941028970075,47.795880017344075,52.92811799269388,53.29157909986529,0.3467874862246563,0.14266750356873156,1.2006594505464183,0.36653154442041347
h2a,300.0,300.0,300.0,42.9100948885606,44.567030709125596,45.46344155742847,44.97061622231479,-0.0,-0.0,20.928117992693874,-0.0
h2b,87.55595520408193,87.70996538863749,82.73048705578208,59.56066730616974,65.22329881601159,50.33535802444388,59.995678626217355,-0.0,-0.0,-0.0,-0.0
h3,95.65955588515988,95.81247927916354,94.75202673363819,95.02733440773389,93.35066514128786,85.07520400420209,86.48017200622428,-0.0,-0.0,-0.0,-0.0
h4,66.96257350205937,67.11918640771921,67.94692155651659,67.09582563171584,67.21112488422459,44.707743928643524,51.96657624451305,-0.0,-0.0,-0.0,-0.0
